Ketinggian m,Pekerjaan,Waktu Shift,Cuaca,APD,Pengalaman Tahun,Alat Berat,Tingkat Risiko,Cluster,Label KMeans,Label Asli,PC1,PC2
72.0,1,2,1,0,6.0,1,1,2,1,1,-0.3221595244842129,1.801799676293503
66.2,3,1,0,1,3.9,1,2,1,2,2,-0.007110030897401613,0.663457057859576
35.9,3,1,2,0,2.2,3,0,1,2,0,-0.508083131027147,-0.8159074690168363
38.9,0,1,2,0,3.0,2,0,2,1,0,0.2660655582284694,0.31921231210267115
98.8,2,1,2,2,2.6,3,1,1,2,1,1.168718871874832,-1.243541367738534
44.9,4,2,2,2,7.6,0,1,1,2,1,-0.2503932058062964,0.7394631076278052
33.1,3,2,0,1,3.4,1,2,1,2,2,0.15522831345466703,1.493798093197769
41.7,4,2,1,0,0.7,1,1,1,2,1,-0.5966786798238325,1.1416024772222704
47.8,3,0,3,2,0.5,3,2,1,2,2,0.9244426942436151,-2.622090427085381
135.2,4,2,3,2,5.7,3,2,1,2,2,0.15756705353552736,-1.2571018454218412
63.1,3,1,0,1,7.1,2,1,1,2,1,-0.3442162324752455,0.20456497051220512
39.3,3,1,0,0,7.2,2,0,0,0,0,-1.0610120203911366,0.5193576112367823
90.1,0,2,1,0,0.9,0,1,2,1,1,0.5811764228980167,2.4352761052810576
56.7,1,1,2,1,0.7,3,2,2,1,2,1.025078687958406,-0.7219519640965352
104.9,2,1,2,0,6.0,0,0,0,0,0,-0.8996935321273554,0.8599508278380832
77.9,4,2,1,1,0.5,3,2,1,2,2,0.2892451236254985,-0.18151976658739594
66.0,3,1,2,1,5.3,2,0,1,2,0,-0.2806726128679649,-0.6041817928578008
39.1,0,1,3,0,1.3,0,0,2,1,0,0.24702378705709038,0.9020519381044669
56.7,4,0,3,2,2.1,1,2,1,2,2,0.24731402108600653,-1.8290927511715
66.2,4,1,1,2,1.1,3,2,1,2,2,0.8055023634241391,-1.2558006982398935
27.1,2,2,2,0,10.6,2,0,0,0,0,-1.2505030067269765,0.7966428315139061
38.9,0,1,3,2,4.8,0,1,2,1,1,1.193858395238304,0.36124156315624634
57.1,2,1,1,1,0.9,1,2,1,2,2,0.6121360325707881,0.4570193030844479
69.2,3,2,0,0,0.5,3,2,1,2,2,-0.00911998984760354,0.7206399047360108
48.1,4,2,3,1,5.3,0,2,1,2,2,-0.7369718161975654,0.6077173763892542
81.2,0,1,2,0,8.2,1,0,2,1,0,-0.4752950636418422,0.8318437403334733
69.2,4,2,2,2,4.8,3,1,1,2,1,0.34678309118807177,-0.808061814090458
24.2,3,1,3,2,8.7,1,1,0,0,1,-0.18977526596811492,-0.710157142801025
149.7,3,1,3,0,9.2,3,0,0,0,0,-1.476989719085139,-1.2452669309181792
90.0,4,0,1,0,5.9,3,1,1,2,1,-1.3133703074521628,-1.4495042015502662
33.1,4,1,1,0,14.2,2,0,0,0,0,-2.3695223089922757,-0.0005530182243363109
62.8,4,2,3,0,6.0,2,1,1,2,1,-1.37039971492952,-0.10418774421885468
68.8,4,1,2,0,4.4,3,0,1,2,0,-1.1044552542533177,-1.035099233348446
60.1,4,0,3,1,4.0,2,1,1,2,1,-0.620210095823815,-2.019003225415903
69.2,1,0,3,2,6.0,1,2,2,1,2,0.6995486063857335,-1.1665789766671104
120.2,4,2,2,0,0.8,3,1,1,2,1,-0.5262881557027116,-0.3236140342903658
51.1,0,1,3,1,1.3,3,2,2,1,2,1.1797294558167197,-0.8920509403332676
108.3,2,1,2,0,8.6,0,0,0,0,0,-1.2350774983963106,0.8853227784642083
32.8,4,2,0,0,4.9,3,2,1,2,2,-0.9022770586468142,0.5951350571204894
24.2,3,1,3,1,1.7,1,2,1,2,2,0.015243448235063095,-0.49775304576027135
42.2,0,0,2,2,1.6,0,2,2,1,2,1.5890975800679192,-0.08726749371256938
27.2,0,0,2,1,2.1,3,2,2,1,2,1.0531527740847937,-1.2690768467939242
38.8,0,1,1,0,10.6,3,0,0,0,0,-0.5543137271610473,0.2989751512741128
27.2,0,2,1,0,4.2,0,1,2,1,1,0.1433917960084622,2.534732923070405
45.2,0,2,3,2,2.3,3,2,2,1,2,1.8527089603928688,-0.36219748039260574
45.0,0,1,1,2,6.0,1,1,2,1,1,1.286459178229448,0.6569351312385832
60.1,2,0,0,0,4.0,2,1,1,2,1,-0.42942433098914673,-0.12900380940091796
105.1,3,2,3,2,6.2,0,1,1,2,1,0.17456631664178368,0.48139260027308906
56.8,0,0,2,2,0.8,3,2,2,1,2,1.9260683039942579,-1.6029530783122747
92.7,0,1,1,2,1.5,2,1,2,1,1,1.9535675756974753,0.06199887458971507
36.1,0,2,0,2,2.9,3,2,2,1,2,2.027919703273305,0.8324349314077286
35.8,4,1,1,0,0.5,0,0,1,2,0,-0.752566057491277,0.8399449023254174
47.7,2,2,2,1,2.8,3,2,1,2,2,0.5377683608657222,-0.09757088893119495
39.0,0,0,2,2,1.9,1,2,2,1,2,1.6267384511275704,-0.5781534910404612
54.2,2,1,2,1,1.3,1,1,1,2,1,0.47512630044839094,0.07138536861440638
38.8,0,1,0,2,3.4,3,2,2,1,2,1.8601065511091013,0.03251134165924249
26.8,0,2,1,2,1.3,0,1,2,1,1,1.9172581526109527,1.9232945969816952
33.1,0,2,1,0,0.5,3,2,2,1,2,0.8535607982570208,0.9956583637556877
71.8,0,2,3,2,3.8,1,2,2,1,2,1.5096834729788369,0.622603381255978
42.0,3,0,1,2,11.1,2,1,0,0,1,-0.35382734088500417,-1.215645509570561
105.2,4,2,3,0,7.7,3,1,1,2,1,-1.5054677061596682,-0.625206270512596
57.0,4,1,1,0,4.4,3,0,1,2,0,-1.0217846152867256,-0.6303301088979608
35.9,4,1,3,2,8.1,1,1,1,2,1,-0.4281231992577966,-0.9391240199667078
33.3,1,0,2,2,1.9,3,2,2,1,2,1.4616912439725367,-1.7778860503130205
62.9,0,1,0,1,3.3,2,2,2,1,2,1.1007970868680304,0.7945710163383335
93.3,4,0,2,0,21.3,2,0,0,0,0,-3.4646895137777993,-1.1779305152207544
77.9,0,0,2,2,2.1,2,1,2,1,1,1.6848841444952947,-1.1122703367445324
42.1,3,1,2,0,1.2,1,0,1,2,0,-0.5317091561880397,0.16163788629293227
45.0,0,1,1,2,0.5,1,1,2,1,1,1.997220540403743,0.5960672620936486
48.3,0,1,2,0,5.8,0,0,2,1,0,-0.24805565796640064,1.335609995171076
50.8,0,1,1,2,1.7,3,2,2,1,2,1.9971618061961027,-0.39127160257329346
33.3,2,1,2,0,10.5,0,0,0,0,0,-1.4941201688609824,0.9813929006386428
38.9,4,1,1,0,3.2,0,0,1,2,0,-1.1009269853266195,0.8667237136418751
33.2,4,0,1,2,3.9,3,2,1,2,2,0.33403243520048853,-1.994549964709954
45.1,4,1,1,0,1.7,3,1,1,2,1,-0.6750085002391065,-0.6483038701752928
24.3,2,1,1,2,0.5,0,0,2,1,0,1.2805214261649989,0.6929469769990935
89.8,3,1,2,2,0.5,1,1,1,2,1,0.966515098168539,-0.47358089519256996
39.1,4,1,2,0,20.4,2,0,0,0,0,-3.2544593828381636,-0.33090412538565345
27.1,3,2,1,0,3.0,2,1,1,2,1,-0.5015569217738297,0.8948768243183471
39.1,4,1,2,0,4.6,3,1,1,2,1,-1.135649865127313,-1.0031688124065812
35.9,0,2,2,1,4.8,3,2,2,1,2,0.9131698279853689,0.3576097167696777
51.0,0,1,2,2,1.1,2,1,2,1,1,1.9129537307818314,-0.29366630203799027
48.2,0,2,0,0,1.2,2,2,2,1,2,0.7736294165719361,1.8786667701595896
87.0,0,2,0,0,0.5,3,2,2,1,2,0.9480635054228662,1.3346897850731558
27.0,4,2,1,0,12.9,2,0,0,0,0,-2.0989379999979763,0.7939190144363669
54.3,4,2,0,0,0.5,0,2,1,2,2,-0.5607538876950903,2.0171521215272072
36.0,2,1,2,0,5.0,1,0,1,2,0,-0.7058865891166693,0.42041558275440627
45.1,0,2,0,2,1.6,1,2,2,1,2,2.0435667382998313,1.8038586142971427
84.0,1,1,2,0,16.3,3,0,0,0,0,-1.6855691281926959,-0.28675192589524695
56.8,3,1,2,0,12.0,1,0,0,0,0,-1.924738655096254,0.26645181166217347
45.0,1,1,2,0,1.4,3,1,2,1,1,0.2329244144793476,-0.4126261359963083
71.8,1,1,3,0,0.5,0,0,2,1,0,0.038303661089904906,0.6498596326492365
74.9,0,2,0,0,3.0,3,1,2,1,1,0.6228110413968851,1.374463942124651
42.1,0,1,2,0,9.1,2,0,0,0,0,-0.5216571115329403,0.3835184760491892
29.7,0,1,2,0,3.2,1,0,2,1,0,0.16157687258845388,0.8280388680443249
33.2,4,0,2,2,1.3,3,2,1,2,2,0.5852329866600247,-2.4162862192946717
42.0,3,0,0,0,12.8,0,0,0,0,0,-2.0418667356827114,0.7706909351045579
35.9,2,1,2,0,0.5,2,0,1,2,0,-0.047386606563776225,-0.12669324300012044
50.8,4,2,1,2,0.5,3,2,1,2,2,0.9839512764455932,-0.4442765088966682
27.0,3,1,2,2,0.8,0,1,1,2,1,0.8394505280546757,0.08998310860821156
107.9,3,1,2,1,0.5,1,1,1,2,1,0.27018811408827254,-0.20181898807055562
78.2,4,2,1,0,1.8,0,1,1,2,1,-0.8092435492288509,1.614663004161727
90.1,3,1,1,0,9.6,2,0,0,0,0,-1.4468094698154654,0.10212663064887076
27.2,4,1,2,0,4.7,2,0,1,2,0,-1.2277018662876658,-0.4927473955510126
113.8,3,2,0,2,1.4,3,2,1,2,2,1.2817790364625958,0.106229918720091
80.7,4,1,0,0,6.8,3,1,1,2,1,-1.2428711100457142,-0.23452083204661311
51.1,4,0,0,2,0.9,2,2,1,2,2,0.7327538648651144,-1.1552906407432757
60.2,4,1,2,0,2.2,2,0,1,2,0,-0.8986854718908416,-0.5534335464454314
45.1,4,0,2,0,0.5,0,0,1,2,0,-0.9393716596171559,-0.3650782704090647
27.2,2,1,2,2,1.4,3,0,2,1,0,1.310899465030929,-1.1851805411427248
44.9,4,0,1,1,1.9,3,2,1,2,2,-0.1049884628438331,-1.7385181554303701
66.3,4,2,2,2,3.6,3,2,1,2,2,0.5013360296301455,-0.8184404122319137
57.3,1,0,3,0,3.5,2,1,2,1,1,-0.30170848976377745,-1.1000026719114926
221.8,2,1,2,0,0.6,3,0,1,2,0,0.05015559791113271,-0.8090011358422211
51.2,4,0,1,0,0.9,3,2,1,2,2,-0.6742111982214021,-1.4660163619640618
96.1,4,1,3,2,4.1,0,1,1,2,1,0.02264974706574094,-0.5462182087261086
35.9,4,1,0,0,0.5,3,2,1,2,2,-0.4367944148381134,-0.2594165001407167
96.2,1,1,1,1,1.1,0,2,2,1,2,0.8343384251012187,1.1281381729273898
36.2,0,0,2,1,1.8,2,2,2,1,2,1.016556438726142,-0.7839941779009109
54.1,0,2,3,2,0.6,0,2,2,1,2,1.843043753422062,1.1023074050594643
120.3,3,0,2,0,5.6,0,0,1,2,0,-1.2669057236458563,-0.17326027853389192
29.9,2,0,2,0,0.7,2,0,1,2,0,-0.17799776070633608,-0.9212319056860129
48.1,0,1,2,2,15.7,0,0,0,0,0,-0.12828881667891234,0.8656276861369611
36.2,0,2,0,2,4.1,0,1,2,1,1,1.641904601641056,2.3378388342662535
27.2,0,1,1,0,0.5,1,0,2,1,0,0.5948415846821805,1.19362206521413
107.9,0,1,2,1,2.0,3,2,2,1,2,1.184293893829064,-0.5481743635238837
66.0,3,1,2,0,6.3,3,0,1,2,0,-1.0325026390899765,-0.8006505127198943
47.9,3,2,1,0,6.1,2,0,1,2,0,-0.8984219502283589,0.9083722322893768
63.0,3,2,0,2,0.5,3,2,1,2,2,1.3889367491801683,0.14709887444950875
36.1,4,0,2,2,2.2,1,1,1,2,1,0.3154769134071611,-1.414411888151981
33.0,2,0,1,0,9.6,2,0,0,0,0,-1.242784858878935,-0.4328760527081531
33.2,4,1,3,1,3.6,3,2,1,2,2,-0.39269214449159817,-1.6911669588253924
51.1,3,2,2,0,14.9,0,0,0,0,0,-2.2738314993730318,1.604412432327255
77.9,2,0,1,0,3.8,2,0,1,2,0,-0.48516854806686244,-0.5419897541197138
39.0,0,1,2,1,1.3,3,2,2,1,2,1.2623460670746398,-0.4869816437223575
29.9,3,2,2,0,1.5,3,1,1,2,1,-0.3150184159429102,-0.014895362563493799
44.9,2,1,1,2,0.9,0,0,2,1,0,1.2325395933963117,0.6767619094362265
53.8,4,1,2,2,0.5,3,1,1,2,1,0.7960110924375943,-1.6429960662622307
60.0,3,1,1,0,10.7,3,0,0,0,0,-1.5173965541618206,-0.3529904213883397
42.0,2,2,3,0,2.2,2,1,1,2,1,-0.24708891532260654,0.2958100915601017
129.0,2,2,0,0,3.4,0,0,1,2,0,-0.28608083596100176,2.3957432844081183
147.0,4,0,1,0,13.0,1,1,0,0,1,-2.3746052830860687,-0.43314622781654677
32.7,1,1,2,1,1.8,1,2,2,1,2,0.7246322624458224,0.3090511811573895
93.0,3,2,1,2,7.4,0,1,1,2,1,0.1869034504481698,1.292704512050006
84.2,2,1,1,1,0.5,1,2,1,2,2,0.668708271018385,0.42547699713978165
56.8,3,1,2,2,5.2,0,1,1,2,1,0.27620819071003017,0.10886030265530199
41.8,3,2,0,1,0.5,1,2,1,2,2,0.5315601988798855,1.4529991331781225
42.0,1,2,2,1,10.4,3,2,0,0,2,-0.12740852171116038,0.2028607421195463
44.8,1,1,1,1,0.9,2,2,2,1,2,1.0048994817813786,0.18253849409605355
84.0,4,1,2,1,7.3,3,2,1,2,2,-0.7768962763841356,-1.308086282910277
60.0,4,2,1,1,0.5,0,2,1,2,2,0.05506356576547922,1.3286142035377182
36.3,2,1,0,1,9.6,3,2,0,0,2,-0.2771374689600155,-0.027740304141296163
57.2,0,2,0,1,2.9,0,2,2,1,2,1.1011750917038625,2.593418814811934
30.1,4,0,3,2,1.7,1,2,1,2,2,0.29421529968124593,-1.806904240400138
68.8,0,0,2,2,6.8,3,1,2,1,1,1.152853380878286,-1.5485586529347901
45.3,2,2,2,0,15.0,2,0,0,0,0,-1.815834415473621,0.827126682430753
36.3,3,0,1,1,0.7,0,2,1,2,2,0.13557266163175669,-0.0403497529076471
207.1,3,0,2,0,0.7,0,0,1,2,0,-0.6180499475753037,-0.3143378282489364
51.3,3,2,2,1,1.3,0,2,1,2,2,0.18331017958541618,1.1638303833518573
51.2,2,1,2,0,0.5,1,0,1,2,0,-0.12161716161345112,0.35540587611369734
39.0,0,0,1,0,0.5,3,2,2,1,2,0.647253878686878,-0.6157559879744048
48.0,4,1,3,0,18.1,0,0,0,0,0,-3.194396747311757,0.23659037678437755
36.3,4,1,2,1,5.3,2,1,1,2,1,-0.6040139731007229,-0.7850847807054224
26.9,0,1,2,2,1.0,0,1,2,1,1,1.7675645023255975,0.7241566382438478
36.2,1,0,2,1,0.5,1,2,2,1,2,0.7895759936102716,-0.5115932612239049
78.1,0,2,1,0,0.5,1,1,2,1,1,0.7076930181739457,1.945448338282936
80.7,3,1,3,2,15.3,2,0,0,0,0,-0.9555277139186695,-1.1910560226692417
38.8,4,0,1,0,0.5,3,2,1,2,2,-0.6247526080823363,-1.458036000119471
48.3,3,1,2,0,0.7,2,0,1,2,0,-0.38899194606160464,-0.3475070136341979
51.3,1,0,2,0,9.5,2,1,0,0,1,-0.9933693465590531,-0.6346355641014116
57.3,0,1,1,0,0.5,1,1,2,1,1,0.6002623647856434,1.163504791784848
116.9,2,1,2,0,2.1,1,0,1,2,0,-0.31655203513762936,0.30737518945920617
132.1,4,2,2,1,14.0,0,1,0,0,1,-1.7613435745494146,1.0129134263794273
36.2,0,2,2,1,0.5,2,2,2,1,2,1.3919240433837963,0.8071298371186925
53.9,3,1,3,0,12.6,1,0,0,0,0,-2.08759425493408,-0.11696874574805231
69.3,0,1,2,1,2.6,0,1,2,1,1,0.8688468209243628,0.9893116168499848
54.2,4,1,2,0,0.5,3,0,1,2,0,-0.6030901822911768,-1.0636517075408503
35.7,1,1,2,2,0.5,3,2,2,1,2,1.7467292719036016,-0.9930255840609262
39.1,1,0,2,1,2.2,2,2,2,1,2,0.6473943540715923,-0.9930891197283892
56.8,2,2,0,0,3.8,0,0,2,1,0,-0.35077523994568105,2.4724114718033032
39.2,2,1,3,1,5.7,2,1,1,2,1,-0.10399393537373756,-0.7552819801510009
44.7,3,0,2,0,19.9,3,0,0,0,0,-2.897542343308565,-1.4315841322164664
41.8,3,2,3,0,0.5,3,2,1,2,2,-0.26844170709613385,-0.4308314296998662
47.9,0,2,0,0,5.4,3,1,2,1,1,0.3077981350312232,1.428039961280667
27.2,4,1,3,2,3.0,0,1,1,2,1,0.15239365574217467,-0.4894522430442141
105.1,3,2,2,2,1.4,3,2,1,2,2,1.1106207752290174,-0.6709897942418163
75.0,4,1,2,0,0.6,1,1,1,2,1,-0.7662391313982058,-0.08854115687609874
32.8,2,1,2,2,2.3,3,1,2,1,1,1.19560157754005,-1.1808235580348154
30.1,4,1,2,0,2.6,2,0,1,2,0,-0.9557979874251623,-0.5188895188965177
56.9,0,1,2,0,7.7,2,0,2,1,0,-0.3380706705637668,0.35321634338285823
30.0,4,0,3,0,1.5,3,2,1,2,2,-0.9251582171292835,-2.224088770395491
44.9,0,0,3,2,0.5,2,2,2,1,2,1.8009123094237236,-1.48992076838345
29.8,4,1,2,0,1.7,2,0,1,2,0,-0.8395456104144047,-0.5285495435052642
57.2,2,2,1,0,6.3,0,0,0,0,0,-0.7585722782846857,2.1067161026966557
30.2,0,1,3,0,7.2,2,0,2,1,0,-0.3630601961880768,-0.01856412979599185
42.0,2,1,0,0,1.2,0,0,1,2,0,-0.1211290588599596,1.6556905803191153
48.2,4,1,1,0,2.5,0,0,1,2,0,-1.0087915893537742,0.8496715569593529
87.1,3,0,1,2,0.8,3,2,1,2,2,1.062342980188634,-1.8721682088970728
26.9,4,0,3,0,0.5,1,2,1,2,2,-0.9504591012590203,-1.2372380781125556
38.7,3,0,2,1,0.5,0,1,1,2,1,0.07705502217552512,-0.4379268600579731
72.1,4,0,3,1,2.0,3,2,1,2,2,-0.28260434213066354,-2.5505517817265297
29.8,3,1,1,0,7.6,3,0,0,0,0,-1.1222243939123597,-0.3570804349993943
44.8,4,0,1,0,7.7,3,1,1,2,1,-1.5541232916643295,-1.3843578691745968
141.1,3,0,2,2,0.9,0,1,1,2,1,0.7433914004750096,-0.825831164164292
42.0,1,2,2,1,1.9,3,2,2,1,2,0.9710408561945685,0.10879221707737471
59.7,4,1,3,1,4.6,1,2,1,2,2,-0.6711209718532818,-0.7117994824395403
75.1,4,1,2,0,7.9,0,0,0,0,0,-1.7865812619671038,0.4895549477158492
60.1,1,1,3,0,8.4,0,0,0,0,0,-0.9847151943077604,0.7489947407685255
60.1,3,2,2,0,18.9,1,0,0,0,0,-2.7121420542294716,1.1422669094153495
63.3,2,1,0,1,3.6,1,2,2,1,2,0.3491291198994335,0.8736586882169621
23.9,4,1,2,0,4.1,2,0,1,2,0,-1.1507585679367751,-0.49608563296578784
33.2,4,0,0,0,6.8,2,1,1,2,1,-1.4320961976978253,-0.49234115697141995
26.8,1,1,0,0,2.6,0,0,2,1,0,0.013205080300161907,1.8970129742623498
72.1,4,2,2,0,23.9,2,0,0,0,0,-3.597134287650524,0.477566518468605
27.2,2,2,1,2,1.7,0,1,2,1,1,1.2296532199766081,1.5060810580947523
30.0,0,2,3,2,1.7,1,2,2,1,2,1.7735372232491544,0.6411869098137589
26.8,0,2,2,1,1.9,0,2,2,1,2,1.0553381647867923,1.8268446694883373
98.9,0,2,1,1,0.5,1,2,2,1,2,1.4110255951453985,1.634764107692514
39.1,0,2,1,1,2.0,0,2,2,1,2,1.1294260958256856,2.2086066522479433
96.0,4,0,1,0,0.5,1,1,1,2,1,-0.7684232613460676,-0.5204530267828289
32.9,0,2,1,0,2.1,0,1,2,1,1,0.41579993348524125,2.505789192894269
24.1,4,0,0,0,1.3,3,2,1,2,2,-0.6459877078279594,-1.0415117032122836
44.7,2,1,1,0,18.9,0,0,0,0,0,-2.4927978311384065,1.4559105478618788
32.8,4,1,2,0,3.5,2,0,1,2,0,-1.0716181427665408,-0.5116308715711693
51.0,0,0,3,1,2.4,0,2,2,1,2,0.7029165373160533,-0.190309094185237
47.9,4,1,3,0,7.1,0,0,0,0,0,-1.7728920321993908,0.11495469588131667
83.9,3,1,2,0,9.4,1,0,0,0,0,-1.583861871778939,0.21056235805953336
29.7,0,1,1,0,8.8,0,0,0,0,0,-0.5542976627944829,1.7803836778217592
63.0,3,1,1,2,3.2,2,1,1,2,1,0.7745511057351882,-0.5213304717088139
23.7,2,1,1,0,4.2,3,0,1,2,0,-0.3659505890855486,-0.17798431269128917
105.1,2,1,2,2,0.9,3,1,1,2,1,1.3895433293380979,-1.268658688115888
71.9,0,0,1,0,7.1,0,1,2,1,1,-0.4306926217804374,0.916590272626042
35.7,3,2,1,2,0.7,0,1,1,2,1,1.0424207265586123,1.2758892631873016
63.1,4,2,2,0,0.6,3,2,1,2,2,-0.5107255618712605,-0.26869464348267313
23.8,3,1,2,0,2.8,3,0,1,2,0,-0.5877998517565532,-0.7971603940335911
98.9,4,1,1,1,0.5,3,2,1,2,2,0.18934233097888237,-1.0052873007713308
27.1,0,2,1,2,1.8,3,2,2,1,2,2.0836554156069527,0.4363041695843718
47.8,2,0,3,0,3.3,1,1,1,2,1,-0.6725520847557991,-0.8059227296587165
89.8,3,0,2,0,7.5,2,0,1,2,0,-1.3639623476068572,-1.1165314920800855
32.8,2,1,2,0,2.2,0,0,1,2,0,-0.4216067048518033,0.8900380395903282
42.1,4,0,0,2,2.3,1,2,1,2,2,0.47322599140497373,-0.6333839372163436
95.8,3,1,3,0,4.6,0,0,1,2,0,-1.1231996445309798,0.2499800260821401
29.8,4,0,2,2,1.5,3,2,1,2,2,0.5587748049129755,-2.4106708910833756
59.8,4,2,1,2,0.5,2,1,1,2,1,0.9085861395137982,0.04412622558606908
30.2,4,0,1,2,6.8,2,1,1,2,1,-0.1182588919519213,-1.4620463764428984
38.9,0,1,2,0,5.9,2,0,2,1,0,-0.1086995236452499,0.3513062794700003
119.8,4,2,3,0,10.1,2,1,0,0,1,-1.8899747384480587,-0.11584622497333094
89.8,2,0,3,1,8.0,3,2,1,2,2,-0.418807504633477,-2.080620563937774
45.3,3,1,2,0,2.7,3,0,1,2,0,-0.5710049321106511,-0.8197794207272718
36.1,3,1,1,0,1.1,2,0,1,2,0,-0.35808507947076657,0.06208909448315198
132.0,0,2,1,2,0.8,0,1,2,1,1,2.000818538407309,1.812500783409881
42.0,3,2,1,2,4.6,0,1,1,2,1,0.5395608879898686,1.3127465004847902
74.9,4,2,1,2,0.7,3,2,1,2,2,0.9624456346601794,-0.4661769620576397
57.3,1,1,1,1,2.3,3,2,2,1,2,0.9032155304933589,-0.311882939131746
45.2,0,2,1,2,8.1,0,1,2,1,1,1.0418123497516094,1.9801388578427153
39.0,0,0,2,0,10.7,2,0,0,0,0,-0.8326670718330028,-0.39842821143543167
56.8,1,2,0,2,1.8,3,2,2,1,2,1.8558072705323674,0.5889294467797641
45.0,1,2,3,2,1.2,1,2,2,1,2,1.5228606608971544,0.41002482741331187
75.2,2,1,1,0,4.4,3,0,1,2,0,-0.38252170014555087,-0.22730048983772005
78.3,0,2,3,2,24.5,3,2,0,0,2,-1.0102212988295542,-0.14963162178658124
48.0,4,1,2,0,13.9,3,0,0,0,0,-2.33587989187081,-0.9091518865510803
56.8,4,1,2,0,2.7,0,0,1,2,0,-1.1178843915949674,0.4503176459465474
81.0,4,1,1,2,0.7,3,1,1,2,1,0.859859465816168,-1.2750359456071456
33.2,4,1,0,0,1.2,1,2,1,2,2,-0.6817131376040996,0.7458476676034199
54.1,0,1,1,0,2.3,3,1,2,1,1,0.5210451961715445,0.19181122311009535
69.2,0,2,2,0,0.9,0,0,2,1,0,0.49261676368613416,2.063225746316869
29.8,1,1,2,2,0.6,3,2,2,1,2,1.7327437931086636,-0.9860155097093317
75.1,0,2,0,0,2.8,0,1,2,1,1,0.41773502300886245,2.864274148177657
57.3,0,1,2,0,2.1,2,0,2,1,0,0.38568566241313923,0.29084155616078283
38.9,4,0,1,1,13.4,2,2,0,0,2,-1.66919237884641,-1.1078376319869874
36.1,1,0,1,1,11.9,2,2,0,0,2,-0.5218747783723943,-0.489776257915963
33.0,0,1,0,0,0.5,2,0,2,1,0,0.7576678174161864,1.0833731902908847
29.7,3,0,1,0,8.1,0,0,0,0,0,-1.5214997092667393,0.3380212799691886
213.1,0,0,1,0,0.6,1,2,2,1,2,0.5117130887114395,0.20596658871330575
29.7,1,1,0,0,6.9,3,0,2,1,0,-0.31100090315515994,0.4494752189445125
26.7,4,0,3,0,2.2,3,2,1,2,2,-1.016213058928681,-2.2130400569214634
23.8,0,1,1,0,1.5,2,1,2,1,1,0.5419859002653822,0.7106830023692099
60.2,3,1,2,0,7.0,3,0,1,2,0,-1.1240077117949772,-0.7871003645756608
90.3,3,0,3,0,1.5,3,1,1,2,1,-0.596306030611942,-2.0738033429111926
99.2,4,0,1,1,2.2,3,2,1,2,2,-0.13397824914727427,-1.7895292508775238
35.7,0,0,2,2,1.9,3,2,2,1,2,1.7801160827161076,-1.5696673958667477
95.8,3,0,2,2,0.5,3,2,1,2,2,1.0178828564722369,-2.2771556199462264
57.1,4,1,2,0,11.0,3,0,0,0,0,-1.9594759695006951,-0.9503510761179599
141.0,4,0,2,2,8.1,3,1,1,2,1,-0.2741125590149467,-2.4488932622402237
59.9,4,2,1,0,3.0,0,1,1,2,1,-0.9676144457504402,1.6462537683065308
30.0,3,1,1,2,4.2,3,1,1,2,1,0.7163646873960476,-0.9746525480584931
89.9,0,1,3,2,0.5,1,2,2,1,2,1.8357152297862982,-0.23478321019747825
117.0,0,2,2,0,5.3,3,1,2,1,1,0.16357399343773185,0.5718689128520364
78.2,1,0,0,0,1.5,0,2,2,1,2,0.06092936790054029,1.0306544206597217
66.3,1,1,2,0,0.6,3,2,2,1,2,0.3401438526568029,-0.4427918676257279
87.1,0,2,1,0,0.5,3,1,2,1,1,0.8632857858180507,0.941627374879235
98.9,0,2,2,0,2.2,0,0,2,1,0,0.3299673666944126,2.0478956533236223
107.9,3,2,2,1,1.0,1,1,1,2,1,0.30925817705338354,0.6064699375331868
77.9,4,1,2,2,8.4,3,1,1,2,1,-0.2205604563918327,-1.5796815026202937
36.2,0,1,3,2,1.9,0,1,2,1,1,1.5681372277339716,0.3318491452327399
47.8,3,2,1,0,11.1,2,0,0,0,0,-1.5445866523503058,0.9638067161715802
57.1,0,1,2,0,5.2,3,1,2,1,1,0.062024662543509544,-0.1720588839339351
60.2,0,2,1,2,0.5,3,2,2,1,2,2.2576146129474277,0.3887982236620394
47.8,3,2,2,0,8.8,0,0,0,0,0,-1.4861268388478464,1.5402063257675451
50.8,0,1,1,0,5.2,2,0,2,1,0,0.06869984131046224,0.7246149835375759
105.2,4,2,1,2,2.3,3,2,1,2,2,0.7611354915126594,-0.4787873337820117
191.8,0,2,2,0,4.9,0,1,2,1,1,-0.0022212670116615566,1.984822931286275
86.9,3,2,2,0,2.7,0,0,1,2,0,-0.69078626216363,1.4335758872011393
50.9,3,0,1,1,15.6,1,2,0,0,2,-1.7103291664870075,-0.38746943972085324
68.8,0,1,1,0,1.0,3,1,2,1,1,0.6916906940467794,0.16271583636048048
23.8,0,1,2,0,7.9,0,0,0,0,0,-0.5238495318533161,1.3833645140671624
77.9,4,0,3,2,4.7,2,1,1,2,1,-0.007878332943087247,-2.318938914692722
60.0,3,1,1,0,3.9,2,0,1,2,0,-0.7156230200292045,0.0691626578734024
60.2,4,2,2,0,8.5,2,0,0,0,0,-1.609145572673169,0.31904331389296947
66.1,0,1,1,0,7.1,3,0,2,1,0,-0.0970945206518538,0.23292538612868519
26.8,2,1,2,1,2.0,2,0,1,2,0,0.45671720091094503,-0.39085998698625835
60.0,3,1,2,2,10.3,3,0,0,0,0,-0.1513272358983351,-1.330124116583697
59.8,3,2,2,0,16.4,2,0,0,0,0,-2.312136767303316,0.6174919690325972
35.8,3,1,2,0,2.5,3,0,1,2,0,-0.5468699418365144,-0.8124873460403044
69.2,1,2,1,2,1.5,1,2,2,1,2,1.6580415521723297,1.1750557110096644
44.9,3,1,2,2,2.4,0,1,1,2,1,0.6359072396153634,0.08977985284806199
32.9,2,0,1,0,3.9,3,0,1,2,0,-0.4292096700334685,-0.9932651408215746
66.0,0,2,2,2,10.9,0,0,2,1,0,0.598920394029184,1.597351847416909
72.3,4,1,1,2,10.2,3,1,1,2,1,-0.3693860542182044,-1.1611955426135776
219.0,4,1,1,0,4.3,3,1,1,2,1,-0.9796867187459214,-0.7935297640572271
35.7,4,2,3,0,2.2,1,1,1,2,1,-0.9611946995450765,0.37828154276515913
36.3,2,2,3,0,4.2,2,0,1,2,0,-0.506574118941671,0.3236471332063297
39.2,3,1,0,0,8.4,2,0,0,0,0,-1.2161052359199342,0.5327379309824853
47.7,1,1,1,1,10.1,3,1,0,0,1,-0.10650219708588511,-0.21595572466533808
39.1,0,2,2,0,0.5,0,1,2,1,1,0.5388877190135289,2.088916265626519
45.2,0,1,3,1,2.7,1,2,2,1,2,0.8437739004875602,0.12416188349808834
159.2,0,2,0,2,5.8,1,1,2,1,1,1.5213520548075559,1.7361740542050659
72.3,0,2,0,2,2.4,0,2,2,1,2,1.8680958114991122,2.2829044126200424
36.1,3,0,3,0,1.3,0,1,1,2,1,-0.8111790735058915,-0.529561918434501
125.8,4,2,2,0,7.0,3,1,1,2,1,-1.3265015376524565,-0.2606025590973377
36.1,0,0,2,1,1.8,3,2,2,1,2,1.0935243976818847,-1.281302019809582
75.1,3,2,1,2,1.5,0,1,1,2,1,0.9461328947692037,1.245320161024116
62.8,0,0,2,0,0.5,3,2,2,1,2,0.5667443480671812,-1.0325319988418793
36.0,4,0,3,0,0.6,3,2,1,2,2,-0.8077712582364056,-2.2400524103731567
47.9,3,2,1,0,0.9,0,0,1,2,0,-0.38040132601114046,1.845640227325125
32.7,2,1,3,2,0.5,3,2,1,2,2,1.3434006489016463,-1.5936062469934618
59.9,0,2,3,2,1.0,1,2,2,1,2,1.8693825218841704,0.6035229314487379
63.1,3,1,2,0,9.8,2,0,0,0,0,-1.5623135601524492,-0.2616068506601993
27.1,3,0,2,2,2.0,3,2,1,2,2,0.8116665033205431,-2.1918158672603427
42.1,2,0,2,0,7.5,2,0,0,0,0,-1.0545601362115753,-0.8581840868428817
50.8,2,1,2,0,5.3,0,0,0,0,0,-0.8189759919206082,0.9063350543919889
23.8,3,1,3,0,0.5,2,0,1,2,0,-0.4523540700621271,-0.7181686837331057
41.8,0,1,2,2,0.9,2,1,2,1,1,1.9371427487646404,-0.28667439951144746
60.1,4,1,2,0,5.6,3,0,1,2,0,-1.2610972640973903,-1.0131139783372338
51.1,2,2,2,1,18.2,0,0,0,0,0,-1.6827090437665837,1.5616808914095797
63.2,3,1,0,0,0.5,3,1,1,2,1,-0.11388527627473442,-0.07611213500969718
120.0,1,1,1,0,0.7,1,0,2,1,0,0.2677156711085522,0.892362155586223
33.2,4,1,3,0,2.7,2,1,1,2,1,-1.0529583638009685,-0.9138469621647777
29.9,0,1,1,0,0.5,3,0,2,1,0,0.7492997704441654,0.19610471717934874
24.0,0,2,3,1,6.4,1,2,2,1,2,0.46549212192629313,0.9890770080622316
96.0,3,1,3,1,2.3,0,1,1,2,1,-0.12634949149426536,-0.0655462190136651
38.7,0,0,2,2,9.3,1,1,2,1,1,0.670387317948028,-0.49595836766685186
186.2,0,2,1,0,1.3,3,2,2,1,2,0.7777494680544472,0.8513240127915265
41.9,0,1,1,0,12.3,0,0,0,0,0,-1.004403220995145,1.8069107751779296
39.1,0,0,0,2,0.5,3,2,2,1,2,2.1312409284378098,-0.8026382808227144
48.3,3,1,2,0,9.4,2,0,0,0,0,-1.5132871916827624,-0.2512251115322105
51.2,2,1,2,0,4.9,0,0,0,0,0,-0.767212219544854,0.9015080707251244
84.2,0,2,2,2,1.2,1,2,2,1,2,1.9327086274122445,0.9743847163212623
156.3,4,1,2,0,4.5,3,1,1,2,1,-1.101620106414919,-1.1215427582757531
23.9,4,1,2,0,0.5,2,0,1,2,0,-0.6855329490590548,-0.5359264200424724
42.1,4,2,2,0,6.7,3,0,1,2,0,-1.3028064667989097,-0.1801745919285596
66.1,0,2,2,0,5.9,2,1,2,1,1,-0.00011627913860342885,1.1268461532123606
78.2,2,1,3,0,2.8,0,0,1,2,0,-0.575763843593375,0.4582897643517198
62.8,1,2,2,0,0.9,3,2,2,1,2,0.4044294600694982,0.3667856894564875
185.8,3,1,3,2,1.3,0,1,1,2,1,0.7186387970489811,-0.45633693180085566
96.2,2,1,3,0,3.8,0,0,1,2,0,-0.7017515196501762,0.4513463200253146
54.3,2,0,1,2,2.6,3,2,1,2,2,1.1418157583424509,-1.6088089607559555
66.1,0,1,3,1,1.8,3,2,2,1,2,1.117816171961767,-0.9015261057049649
57.3,0,2,1,1,5.9,3,2,2,1,2,0.8596672609435131,0.7413333626288121
63.1,4,2,2,0,2.0,3,1,1,2,1,-0.6916466358792629,-0.25320100406396256
65.9,1,2,1,2,6.9,3,2,2,1,2,1.1135807554442863,0.24330298679840445
44.9,0,2,2,0,1.8,2,1,2,1,1,0.5259060509481739,1.102684089489485
39.0,0,0,1,1,0.5,2,2,2,1,2,1.269854566331745,-0.40822038281323214
44.8,4,0,3,2,8.1,3,2,1,2,2,-0.37623317310359883,-2.7456004089378037
84.1,0,2,3,2,3.3,0,1,2,1,1,1.4995273101310105,1.1021707793245037
57.0,0,2,2,1,1.9,3,2,2,1,2,1.2917348587023796,0.3044036407858086
30.2,3,0,3,2,22.7,2,1,0,0,1,-2.0246042159364075,-1.861387574072096
50.9,0,2,3,1,0.9,2,2,2,1,2,1.258083936836846,0.40388580257039974
54.1,0,1,2,2,2.8,1,1,2,1,1,1.6168361733316672,0.2194535232748678
33.3,0,0,2,2,1.0,0,2,2,1,2,1.6650323611902584,-0.08500251746608291
53.7,0,1,2,0,2.2,0,0,2,1,0,0.2181424596674228,1.2903661092067464
35.8,0,1,2,0,1.6,2,0,2,1,0,0.4464283459135237,0.3068204516750162
90.0,3,1,1,0,9.0,3,0,0,0,0,-1.2923039077134362,-0.4018213424392478
41.7,1,2,0,2,5.4,3,2,2,1,2,1.3878622569848034,0.6438788992644935
26.8,1,0,2,0,10.2,3,0,0,0,0,-1.011256178245999,-1.0997825839195152
53.7,1,2,1,0,19.1,2,0,0,0,0,-1.9413735818818558,1.4676784762018673
35.9,4,1,2,2,1.7,0,1,1,2,1,0.4067543282850017,-0.11958183377822186
24.3,0,1,1,0,1.0,2,1,2,1,1,0.6066906157350751,0.7046492727856292
39.0,2,1,0,1,3.4,0,2,2,1,2,0.29361277502043237,1.3931671554470297
57.1,4,2,1,0,1.0,2,1,1,2,1,-0.5556880908264933,0.6321058059480447
23.8,1,1,1,2,2.3,3,2,2,1,2,1.5967690921951097,-0.5682360086852905
39.1,1,2,2,2,0.5,1,2,2,1,2,1.6970543818049717,0.8011437463327552
27.1,3,1,2,2,0.5,1,1,1,2,1,0.9552233070560098,-0.4108449136637998
125.9,1,2,2,2,8.4,1,1,2,1,1,0.6917746240880738,0.8017223284459218
141.2,3,1,1,0,2.4,3,1,1,2,1,-0.4301695441575278,-0.5260921674589911
68.9,0,2,3,1,8.4,0,2,2,1,2,0.13813362364467147,1.463692911278967
53.8,4,2,3,1,8.4,2,1,0,0,1,-0.9825843029380049,-0.35849434882262965
39.2,1,2,1,2,0.5,3,2,2,1,2,1.9358400562661688,0.19919024316210043
87.2,0,1,2,1,0.5,2,2,2,1,2,1.297424021604419,-0.04665491310771589
51.1,4,1,0,0,1.5,0,1,1,2,1,-0.7942442540850904,1.228665360249947
135.2,0,2,2,2,0.5,3,2,2,1,2,2.186325811274485,-0.07920716925125718
42.3,0,2,3,2,0.8,3,2,2,1,2,2.0460307004080858,-0.37589614412378514
60.3,4,1,2,2,0.9,3,1,1,2,1,0.7454899573613049,-1.6450730422851352
80.9,0,1,2,0,10.2,2,0,0,0,0,-0.6568218003128371,0.35686978379657674
24.3,0,2,3,1,7.9,3,2,2,1,2,0.425674078153182,0.010561365259466913
84.0,2,1,1,0,5.0,2,0,1,2,0,-0.5354604586960809,0.26794249059808106
26.7,3,0,1,0,10.7,1,1,0,0,1,-1.7810502984620724,-0.12761099594443806
134.9,0,0,2,1,5.8,3,2,2,1,2,0.5944001687627462,-1.3358911767798127
42.1,4,1,1,0,0.5,1,0,1,2,0,-0.6744455074171903,0.3362333876610185
53.9,0,2,2,0,2.6,3,1,2,1,1,0.5011293795385965,0.6051245336205262
171.3,3,2,1,2,4.4,3,1,1,2,1,0.8196506027189968,-0.31106477560452567
102.2,4,1,1,0,1.8,3,1,1,2,1,-0.6776481602128431,-0.7043299495128934
36.0,4,0,0,0,2.7,3,2,1,2,2,-0.8247656827252904,-1.037924892823754
59.7,3,2,2,2,4.6,3,1,1,2,1,0.6889106985363999,-0.5901497076738197
59.8,0,2,0,0,0.5,1,2,2,1,2,0.7891930567859696,2.3567211928759573
41.8,3,0,2,0,0.5,3,2,1,2,2,-0.39101544276246064,-1.6433800428011598
23.8,4,1,3,1,1.6,1,2,1,2,2,-0.2898982719263105,-0.7090795364726169
48.1,4,1,3,2,0.9,3,2,1,2,2,0.6584971017009214,-2.0258283939016417
126.0,0,1,1,2,7.7,3,1,2,1,1,1.2353287203737806,-0.40011344565862034
29.9,0,0,0,2,3.9,3,2,2,1,2,1.6902043275428984,-0.7558055912194871
38.8,0,1,1,2,4.6,3,1,2,1,1,1.620235615975488,-0.3471707487889749
33.1,4,2,1,0,1.1,1,1,1,2,1,-0.6499192095699655,1.1546341666074111
90.2,0,1,0,0,1.8,3,2,2,1,2,0.6769569285780672,0.5431194166298914
39.1,0,1,2,2,4.5,2,1,2,1,1,1.4714308805088685,-0.2441320629909404
38.8,4,0,2,2,3.7,3,1,1,2,1,0.2760910913034291,-2.395328908238144
200.7,0,2,0,2,1.5,3,2,2,1,2,2.2384839801062246,0.6522468333026452
33.2,1,0,3,2,9.5,3,2,2,1,2,0.3947345327089743,-2.0866400174603243
96.1,3,1,1,0,8.2,2,0,0,0,0,-1.2648078416340152,0.08062954802166536
45.2,3,2,0,0,1.1,1,2,1,2,2,-0.2449517460716147,1.7461096073403963
32.8,3,0,3,2,6.2,3,2,1,2,2,0.18513407892027164,-2.5440005728593933
75.0,0,0,2,0,6.6,3,1,2,1,1,-0.21935749043405683,-0.9772309997081036
60.0,0,2,2,2,3.6,3,2,2,1,2,1.7721719160447917,0.03034333005568876
54.3,0,1,2,2,5.6,3,1,2,1,1,1.409001980172044,-0.7445751112522863
60.0,4,2,2,2,1.9,0,1,1,2,1,0.4889334187532711,0.6612731960150097
35.9,0,1,3,0,2.5,3,1,2,1,1,0.3223301897812448,-0.5736896610452126
77.7,0,0,3,2,6.4,0,1,2,1,1,0.8903943049161517,-0.4626291694010296
27.2,0,1,1,0,0.8,2,0,2,1,0,0.6330587513010039,0.6995342315083742
26.9,4,1,2,2,2.1,0,1,1,2,1,0.35344176159397217,-0.10614991484584803
77.8,4,0,3,1,14.6,3,2,0,0,2,-1.9098674817379093,-2.4168122980062043
45.2,4,1,2,1,1.4,0,1,1,2,1,-0.2523886670098449,0.1576650577931944
35.9,4,1,0,0,0.9,0,0,1,2,0,-0.7194440548448713,1.237233951865353
110.8,3,1,2,0,5.3,0,0,1,2,0,-1.126163067260322,0.6356805905773707
53.7,0,1,2,0,6.8,3,0,2,1,0,-0.14535459321154215,-0.15094991630392834
32.9,1,1,1,0,2.1,3,1,2,1,1,0.22508048873326642,0.00018998032395709235
53.8,0,1,0,2,4.4,0,1,2,1,1,1.5026206933896757,1.5207933168235228
57.0,3,2,2,0,6.4,1,0,0,0,0,-1.0973336083381127,1.0070326221679176
39.2,2,1,2,0,5.7,2,0,1,2,0,-0.7187848623695318,-0.07244733320958173
173.7,1,0,2,0,1.5,3,2,1,2,2,0.1394946353884047,-1.3430487872428158
44.9,0,1,3,1,1.5,3,2,2,1,2,1.1527670154553948,-0.8836340052913405
56.7,1,1,2,0,2.4,2,0,2,1,0,0.028816188348459608,0.08414193434168526
27.2,4,0,1,1,9.6,0,2,0,0,2,-1.334199909275417,-0.1433692832759641
81.3,3,2,1,0,1.5,3,1,1,2,1,-0.2209659396826681,0.32663749342418
59.9,1,1,1,0,3.3,1,1,2,1,1,-0.07910416016272537,0.9812705468355842
66.2,3,2,2,2,16.6,0,0,0,0,0,-1.0916286686106667,1.0283728836590307
60.1,0,1,3,1,2.6,2,2,2,1,2,0.9363661787346367,-0.3892612549617276
50.8,0,2,2,2,11.4,3,1,2,1,1,0.762526225410444,0.12587031497486367
83.7,3,0,1,1,2.5,1,2,1,2,2,-0.011517801644899473,-0.565264460011893
69.3,4,2,0,0,0.5,2,2,1,2,2,-0.40408056587753743,1.0073277149150115
42.0,4,1,2,0,1.0,0,0,1,2,0,-0.9008598829749929,0.4463124341857334
24.1,1,2,3,2,1.8,3,2,2,1,2,1.5955310637639581,-0.5572388461552762
102.3,0,1,2,1,0.9,0,2,2,1,2,1.0944797444594714,0.9374789741948293
29.7,4,2,2,2,17.4,0,0,0,0,0,-1.5195781277683809,0.8631273063536328
159.1,0,1,3,0,0.9,3,2,2,1,2,0.5512845105328034,-0.7146673780714979
54.1,0,1,3,1,2.6,0,2,2,1,2,0.7813136881772555,0.6115579868377259
57.0,3,1,2,0,4.8,3,0,1,2,0,-0.8402794624844314,-0.8082456758557708
41.9,0,0,3,2,2.5,1,2,2,1,2,1.4649273869907438,-0.9673773768855652
83.7,0,0,0,2,0.6,3,2,2,1,2,2.126350113936057,-0.8461571868092842
62.8,0,1,0,2,12.7,3,1,2,1,1,0.6625959190354477,0.11141960210669818
23.8,0,1,2,0,7.7,1,0,2,1,0,-0.42101769594592037,0.883743237711867
63.1,3,1,1,2,3.1,2,1,1,2,1,0.7874920488291268,-0.5225372176255301
102.0,3,1,0,0,9.1,3,1,0,0,1,-1.2182700043832153,-0.019759187519217042
74.8,0,1,2,2,7.2,0,1,2,1,1,0.9749690272986588,0.7448438388169879
78.2,4,2,3,2,0.5,2,1,1,2,1,0.7423083812969586,-0.7602090392008728
63.2,4,1,2,1,3.7,1,1,1,2,1,-0.4693885150249674,-0.3322993349398877
36.1,1,2,2,0,6.1,2,1,2,1,1,-0.3493575347954627,0.9484567145849792
42.1,3,2,1,0,1.7,3,1,1,2,1,-0.2538714279979556,0.36807336611282837
41.9,4,1,3,2,0.5,2,1,1,2,1,0.6320862962939164,-1.5266436907436824
36.2,3,0,2,2,6.6,3,1,1,2,1,0.2188503863620739,-2.15001341708413
35.7,0,2,0,0,0.9,3,2,2,1,2,0.88713303180903,1.3904459786254175
42.0,4,1,2,1,14.7,3,2,0,0,2,-1.7407572610691397,-1.184167229237629
57.1,4,1,1,0,0.5,0,0,1,2,0,-0.7487300901755375,0.818632678935261
38.9,0,2,1,0,3.0,0,0,2,1,0,0.3005740829392589,2.509745946454945
44.9,3,1,1,1,2.0,3,2,1,2,2,0.30376595262632716,-0.7240359522165887
38.9,4,0,2,2,1.5,1,2,1,2,2,0.40644170902543797,-1.4249603146919672
68.9,4,1,3,1,0.5,3,2,1,2,2,0.01434810242956419,-1.7611947903430816
75.0,4,2,2,0,6.9,0,0,0,0,0,-1.5536852003725,1.2813436027577816
84.2,0,1,2,0,1.6,0,0,2,1,0,0.3011728798620691,1.253208475050784
45.0,4,2,3,0,1.1,3,2,1,2,2,-0.6633956317574399,-0.6380131666279534
57.1,3,2,1,2,3.0,3,1,1,2,1,0.9800051289590435,-0.21229287928821944
75.0,1,0,1,1,1.5,2,2,2,1,2,0.8291159357210957,-0.6437941884947924
68.8,3,2,3,0,9.6,0,0,0,0,0,-1.6705240989435344,1.1350854299699644
105.2,3,1,3,2,1.0,3,1,1,2,1,0.9738500588013763,-1.871234441509571
65.8,0,2,1,2,1.6,3,2,2,1,2,2.11647085774112,0.3953685838297648
26.7,2,1,3,2,0.8,3,2,1,2,2,1.3035512931550552,-1.5842827381952433
105.1,3,1,1,1,4.3,0,1,1,2,1,-0.2135778704700794,0.7334070349991672
84.2,3,2,1,2,0.8,2,1,1,2,1,1.192204208653534,0.23365232052425144
41.8,2,2,3,0,12.8,0,0,0,0,0,-1.7709278590967206,1.4081349890949144
57.2,0,1,2,2,1.7,0,1,2,1,1,1.6825607638975073,0.7015860697503047
96.3,3,1,3,0,3.0,0,0,1,2,0,-0.9163426566264281,0.23177272266957238
57.0,0,2,2,1,1.1,1,2,2,1,2,1.2411463931801618,1.2903659311375042
80.8,3,1,2,0,1.1,1,0,1,2,0,-0.5118166479115871,0.12180898906823319
48.1,4,0,1,0,1.0,3,2,1,2,2,-0.6876924184020646,-1.4618078944430983
51.2,0,1,2,0,6.3,2,0,2,1,0,-0.1581761230205398,0.34342597501221767
36.2,3,2,2,0,9.0,2,0,0,0,0,-1.3600898415813407,0.5592105611061585
81.0,1,0,1,1,1.9,0,2,2,1,2,0.6245328180797521,0.3494449210073033
39.0,2,1,2,0,6.7,0,0,0,0,0,-1.0020221558030578,0.9336354654540726
39.3,3,1,2,0,2.0,2,0,1,2,0,-0.5586109174720643,-0.324114897932653
92.9,1,2,2,2,2.5,3,1,2,1,1,1.6022566101231976,-0.2253691557628818
33.0,2,0,2,0,1.9,2,0,1,2,0,-0.3325146806759615,-0.9110534223181738
128.7,3,2,3,0,10.1,3,1,0,0,1,-1.493393331157953,-0.41153919996507343
36.1,1,2,3,0,8.9,3,2,0,0,2,-0.7190094434605406,0.08907374131980891
24.0,3,1,1,2,2.7,3,1,1,2,1,0.9091281410883166,-0.9852494327986169
51.0,0,0,0,2,2.5,3,2,2,1,2,1.8749253503941918,-0.7924113392547376
74.8,4,2,1,0,3.7,0,1,1,2,1,-1.055391606557046,1.6390920373814575
47.8,0,0,2,0,8.8,2,1,0,0,1,-0.5855465157487049,-0.42826034354280745
26.8,4,2,2,2,25.0,1,1,0,0,1,-2.425257400613213,0.4527293995485931
59.8,0,1,2,0,0.5,2,0,2,1,0,0.5929028350421738,0.2706331050120503
32.9,2,0,2,2,1.5,2,1,1,2,1,1.11833235719234,-1.4951247073196103
54.0,2,2,1,0,6.6,0,0,0,0,0,-0.7979173754170011,2.113238004664243
48.3,0,0,1,0,1.6,1,1,2,1,1,0.35280452883692964,0.3819280474723741
74.9,0,1,2,1,0.5,3,2,2,1,2,1.372194853740818,-0.5317557538257811
44.7,4,0,1,2,8.6,1,1,1,2,1,-0.4252463303302494,-0.9592264046962725
42.0,0,1,2,1,1.6,3,2,2,1,2,1.2241175425882203,-0.4866632997368812
23.8,2,1,1,1,3.5,1,1,2,1,1,0.2701426766075772,0.5191123146691992
33.2,1,0,1,1,2.6,3,2,2,1,2,0.7564217707365172,-1.087204526275438
50.8,4,2,0,0,0.5,3,2,1,2,2,-0.3304263063870347,0.5284304321790574
59.8,4,0,2,0,0.5,3,1,1,2,1,-0.7057663973163087,-1.8720104041563148
36.0,0,1,1,0,0.5,2,1,2,1,1,0.6734123656618706,0.6874091158795249
42.1,3,2,2,0,2.2,0,0,1,2,0,-0.6342397307034677,1.4728681538416937
42.1,4,2,2,0,8.1,2,1,0,0,1,-1.5607135089988786,0.33272694678563036
23.9,3,2,1,0,13.9,3,1,0,0,1,-1.8337470396319109,0.5212998111606928
26.9,3,0,1,0,1.8,3,2,1,2,2,-0.4769012302691042,-1.2211221884708163
68.8,4,0,2,1,2.8,3,2,1,2,2,-0.30178638894673576,-2.145434026915482
35.9,0,1,0,0,7.9,3,1,2,1,1,-0.121121052012217,0.6649585779911507
32.7,0,1,2,0,3.7,0,0,2,1,0,0.020516512194638792,1.3279784883850965
24.2,0,0,1,0,4.4,0,1,2,1,1,-0.09036381330105699,0.934437055826062
75.1,0,1,3,2,1.1,1,2,2,1,2,1.7555122596788402,-0.2133345857704104
44.8,2,2,2,1,16.3,3,2,0,0,2,-1.2073499777762293,0.05473372682381081
32.7,0,1,1,2,11.4,0,0,2,1,0,0.5094196456653329,1.2264112697265037
108.0,3,2,1,0,6.9,3,1,1,2,1,-0.9139959019274061,0.3596833517614051
48.0,0,1,3,0,0.5,2,0,2,1,0,0.5059820163266868,-0.11052247615168895
215.9,4,2,3,0,1.1,3,2,1,2,2,-0.6326178470504027,-0.8090112406832457
207.1,3,1,1,2,0.5,0,1,1,2,1,0.9954496929085156,0.2994220421839493
33.1,4,2,1,0,1.1,3,2,1,2,2,-0.4959472731860321,0.15981836801645233
51.2,0,2,2,1,1.0,0,2,2,1,2,1.1760388231449102,1.7924704703379541
45.2,3,1,3,2,8.4,3,1,1,2,1,0.006747411596028789,-1.7293050582114389
39.2,2,0,1,0,2.7,2,1,1,2,1,-0.34998585005074156,-0.5154411192539096
23.7,3,0,2,0,16.4,2,0,0,0,0,-2.526007566087593,-0.9518982802380318
29.8,1,2,2,0,9.9,0,0,0,0,0,-0.9955355396546657,1.9916302926813578
60.2,4,2,0,2,3.4,3,2,1,2,2,0.6956747916179817,-0.028625583082202005
32.9,1,1,3,1,5.0,3,2,2,1,2,0.3803106050143018,-1.043513052057245
29.7,0,1,0,0,0.7,2,1,2,1,1,0.7312276449053612,1.0888884611153726
42.2,4,2,3,0,8.0,2,1,0,0,1,-1.6325682947459799,-0.06144215193819803
72.0,3,0,2,0,25.0,2,0,0,0,0,-3.6286814167547825,-0.9050507844943353
56.7,0,1,2,0,2.7,2,0,2,1,0,0.3080400038495078,0.29808203166107966
36.2,0,1,3,2,0.5,3,2,2,1,2,1.9800162063178741,-1.1758681920724088
30.0,2,1,2,0,25.0,3,0,0,0,0,-3.1375819784490755,-0.3470590666464775
5.0,1,1,2,1,3.0,2,2,2,1,2,0.6415544659111317,-0.14736055963331096
54.0,1,2,2,2,4.0,2,2,2,1,2,1.3244210411743276,0.3275613949496238
39.0,0,2,2,2,3.5,2,2,2,1,2,1.7043269421034721,0.5476565920509917
96.3,0,1,3,0,4.3,1,1,2,1,1,-0.05337697736217466,0.3806118694519079
35.8,4,2,2,1,6.8,1,2,1,2,2,-0.7712492630858437,0.5321792164269197
30.1,2,2,2,0,0.7,1,1,1,2,1,-0.047578245918488145,1.1814868447442561
65.9,3,1,2,2,10.9,0,0,0,0,0,-0.4587601986832981,0.16283632666050196
26.8,3,0,1,0,11.9,0,0,0,0,0,-2.0130934637103883,0.382977108323128
78.2,4,1,1,2,1.5,3,2,1,2,2,0.7559717363401768,-1.2633808305372516
36.3,4,2,1,1,1.1,3,2,1,2,2,0.2042156782099738,-0.13325576249571836
56.8,4,1,2,0,2.1,2,0,1,2,0,-0.8863748520647474,-0.5511382838238589
93.3,0,1,3,0,0.6,3,2,2,1,2,0.5782032346704696,-0.6521496831413959
117.2,0,1,2,2,1.9,0,1,2,1,1,1.667520437916556,0.6437650147251729
132.1,3,0,1,1,3.5,3,2,1,2,2,0.021941266494367947,-1.5974411485189637
77.8,3,0,2,2,1.3,1,1,1,2,1,0.7572857867062445,-1.25547598349052
35.8,3,1,1,0,3.6,0,0,1,2,0,-0.8351843900062339,1.084872278482233
62.9,4,1,0,1,0.5,3,2,1,2,2,0.26765473477923546,-0.57630428871325
75.0,2,2,1,0,2.6,0,0,1,2,0,-0.2772180815013557,2.0479584122381955
63.2,4,2,2,0,0.5,3,2,1,2,2,-0.4977846187773219,-0.26990138939938935
51.2,1,1,2,0,9.1,3,0,0,0,0,-0.7610249199187694,-0.3336146771755112
63.2,1,1,2,0,1.4,3,0,2,1,0,0.2362020954721392,-0.43083658039540906
44.8,0,1,2,2,1.9,3,1,2,1,1,1.8854396554661863,-0.7760171351120952
9.0,0,2,2,2,5.0,1,2,2,1,2,1.4280941951785497,1.0916820353375636
18.0,3,2,2,2,2.0,1,2,1,2,2,0.8634251909475804,0.4176161194385722
15.0,1,2,2,2,4.0,1,2,2,1,2,1.2404114708549505,0.863991675100319
15.0,4,2,2,2,3.0,3,2,1,2,2,0.5696348945934538,-0.7737511039787309
83.9,3,1,3,0,5.8,2,0,1,2,0,-1.1264460135502914,-0.7196486811197428
38.7,3,1,1,0,10.1,0,0,0,0,0,-1.6746528229071735,1.1539053687088074
50.9,1,2,1,1,1.8,2,2,2,1,2,0.9933763727253034,0.9891506732241244
42.2,3,0,3,0,3.0,2,1,1,2,1,-0.8757984492934318,-1.5116675126123285
105.2,0,1,2,1,1.8,0,0,2,1,0,0.978695607590541,0.9445375067465613
54.3,4,1,2,2,10.4,1,1,0,0,1,-0.6372412496789497,-0.5391183901444312
38.8,3,2,2,0,7.2,2,0,0,0,0,-1.1270087920006533,0.536688675510802
32.8,1,1,2,0,8.1,3,0,0,0,0,-0.6351092808068647,-0.3262710033018729
96.2,0,0,3,2,4.5,3,2,2,1,2,1.3702196614900903,-1.9943905659152434
51.0,4,0,2,0,0.5,0,0,1,2,0,-0.9383091146799322,-0.3709816562307511
78.1,4,0,0,1,4.5,2,2,1,2,2,-0.4271959160689249,-0.8525930539705111
29.9,3,2,1,2,0.6,0,1,1,2,1,1.0542991247153273,1.280585903092272
39.3,4,1,3,0,2.5,3,1,1,2,1,-0.9490279644839009,-1.4195717391153757
83.7,3,1,2,0,2.4,2,0,1,2,0,-0.6023065520194086,-0.3641136235558826
87.1,3,2,1,0,2.6,3,1,1,2,1,-0.3620736764165275,0.3330077388182888
44.8,2,0,2,0,22.2,2,0,0,0,0,-2.953745163917549,-0.6982024223902429
50.8,3,1,1,0,8.9,3,0,0,0,0,-1.2864405944555806,-0.36370553534032324
50.8,0,2,1,2,0.5,3,2,2,1,2,2.255921744742359,0.39820361802201465
72.1,4,1,2,1,4.5,3,2,1,2,2,-0.4171972274788021,-1.327166732717517
42.0,3,2,2,0,10.1,2,0,0,0,0,-1.5011975783152003,0.5655808065002672
33.0,0,0,2,2,1.9,0,2,2,1,2,1.548671928762156,-0.07474214853648699
47.9,3,1,2,0,2.4,2,0,1,2,0,-0.608753858587647,-0.32829307907853056
30.2,0,1,2,2,1.9,3,2,2,1,2,1.8828103069774635,-0.7614087566380914
45.2,4,1,0,0,4.1,2,1,1,2,1,-0.9773311429389565,0.2685268492582802
107.7,3,2,1,0,11.3,2,0,0,0,0,-1.5596449875674812,0.9060857185332567
54.1,3,1,1,2,7.2,0,1,1,2,1,0.10205899301872914,0.5266579755043949
60.1,4,2,2,2,0.8,3,2,1,2,2,0.8620616050002543,-0.8432241330872237
60.1,0,2,3,2,6.0,3,1,2,1,1,1.377243783854829,-0.33615855542044204
74.7,0,0,1,0,0.7,1,2,2,1,2,0.47386537191953,0.34555270058582604
65.7,0,2,0,2,0.7,3,2,2,1,2,2.317554982065366,0.778470797254514
51.3,2,2,2,0,5.6,3,1,1,2,1,-0.5230121104830476,0.21968661811543633
59.9,0,1,1,0,24.9,2,0,0,0,0,-2.47547928816289,0.933527401729882
128.7,3,1,3,2,4.2,2,1,1,2,1,0.48756237767521743,-1.3619259951569769
25.0,4,0,2,2,4.5,1,2,1,2,2,0.016250409458850264,-1.3778516820283842
75.1,0,0,1,1,0.5,2,2,2,1,2,1.276355900608656,-0.4443410994510089
84.0,4,1,3,2,2.7,3,2,1,2,2,0.43234960806652356,-2.0418286022274597
39.0,1,1,2,2,0.7,3,2,2,1,2,1.7214777089835689,-0.9941141007657825
10.0,0,2,2,2,3.5,1,2,2,1,2,1.6221182954065079,1.0740811335208627
33.2,3,2,0,1,9.6,3,2,0,0,2,-0.4920036401034718,0.5674969260742917
39.1,2,2,2,0,3.4,2,0,1,2,0,-0.3178906606246401,0.7049543709435477
36.1,4,1,2,0,0.5,0,0,1,2,0,-0.8373077586236443,0.4466823773578805
27.0,4,0,2,1,1.8,1,2,1,2,2,-0.3340568474952107,-1.1198611259377556
60.2,4,2,2,1,3.8,0,2,1,2,2,-0.4561529619076891,0.9719724574439501
51.3,3,1,2,1,0.5,0,1,1,2,1,0.18300891819344856,0.352221392158391
51.0,4,2,3,0,1.7,1,2,1,2,2,-0.8938246171142122,0.357439319933958
20.0,3,0,2,2,4.0,1,2,1,2,2,0.39795723401040745,-1.1677622236078407
30.0,3,1,2,2,3.0,2,2,1,2,2,0.7096581966556148,-0.8834872639290209
23.7,0,1,2,0,3.1,2,0,2,1,0,0.2504052204646873,0.3355277234274325
15.0,3,0,2,2,3.0,3,2,1,2,2,0.6802580471602788,-2.1686420381574663
10.0,0,1,2,2,5.0,1,2,2,1,2,1.3245895552871079,0.287925978515278
44.9,3,1,0,0,3.3,0,0,1,2,0,-0.709981019095655,1.4654093435000715
54.1,1,2,1,2,2.1,0,1,2,1,1,1.5007985861642328,1.6942124068926365
123.2,0,2,2,2,3.7,3,2,2,1,2,1.770630819480727,-0.03178624987721482
23.9,3,2,1,1,0.5,3,2,1,2,2,0.59751275313866,0.08313125401872742
50.9,3,2,3,2,2.6,3,1,1,2,1,0.860988834061926,-0.9964407810399643
77.9,2,1,2,0,3.0,3,0,1,2,0,-0.2859101056005366,-0.6384580315073656
39.2,2,0,3,2,2.9,1,2,1,2,2,0.7767641680334512,-1.3814891367814524
23.7,1,2,2,0,4.0,0,0,2,1,0,-0.23418100545918458,1.9324391700120946
72.2,3,1,2,0,1.5,3,0,1,2,0,-0.4110852412737866,-0.8599751201375848
39.2,4,1,0,2,4.2,0,1,1,2,1,0.25386674431961564,0.690708191319028
6.0,0,2,2,1,2.5,2,2,2,1,2,1.12802657688982,0.8594809385329407
123.0,0,1,3,2,4.7,2,1,2,1,1,1.3758990331444445,-0.7188291862703552
42.2,4,2,2,0,3.1,3,1,1,2,1,-0.8375628386849652,-0.22011543639205228
53.9,4,2,3,1,2.6,1,2,1,2,2,-0.3100220981463089,0.0746255583513832
44.9,4,1,2,0,7.5,0,0,0,0,0,-1.7403283158759328,0.5153455244123079
62.8,2,1,2,1,2.0,3,2,1,2,2,0.5401864941435982,-0.9242885455327063
35.7,3,1,0,0,1.5,2,0,1,2,0,-0.32505312300548134,0.45987843095712877
81.1,0,2,2,1,0.7,1,2,2,1,2,1.297178354541035,1.2618253467970855
62.8,2,1,2,1,10.7,1,0,0,0,0,-0.7380806878614928,0.1668091551602399
56.8,3,1,0,0,5.0,3,1,1,2,1,-0.6965698909902294,-0.019907478408113827
42.0,0,2,3,2,1.0,0,1,2,1,1,1.7891729004080845,1.1188411029828935
54.2,0,0,2,2,4.8,1,1,2,1,1,1.254710773159919,-0.5612682464679856
63.1,1,1,2,0,0.8,3,0,2,1,0,0.3137216893822019,-0.4373766541880482
81.1,0,1,2,2,1.1,3,1,2,1,1,1.995360479077261,-0.8211914747627517
51.1,4,1,2,0,1.6,3,1,1,2,1,-0.745800741048984,-1.0483763547208076
66.0,0,0,1,0,1.9,1,1,2,1,1,0.31722336207545726,0.3675379555970383
39.1,0,1,2,0,0.8,1,0,2,1,0,0.4734201533786691,0.7920729489665602
56.9,4,1,1,2,1.4,3,1,1,2,1,0.7650587028821517,-1.243175295677003
27.1,4,2,1,0,5.6,3,1,1,2,1,-1.0785598509566303,0.21562279507080262
81.0,2,2,2,0,1.1,2,0,1,2,0,-0.013117311919297424,0.637576489683011
27.2,0,1,2,0,3.0,0,0,2,1,0,0.10998654120631285,1.3257348249501948
6.0,0,2,2,1,2.0,2,2,2,1,2,1.1926412461783924,0.8539474958834012
24.0,0,1,0,2,2.8,3,2,2,1,2,1.9349787872942168,0.040679703727415445
23.8,0,1,1,0,6.7,0,0,2,1,0,-0.2839785967197029,1.7630466045153799
80.7,3,2,2,0,3.6,2,0,1,2,0,-0.6542373031450228,0.45492384336146263
26.8,3,1,3,0,6.5,3,1,1,2,1,-1.150203856246304,-1.1521769928383583
38.7,4,2,1,1,0.5,0,2,1,2,2,0.051227598449739675,1.3499264269278746
98.7,0,2,3,2,0.5,3,2,2,1,2,2.0949567112116383,-0.43564857587335953
44.8,0,0,2,2,0.9,3,2,2,1,2,1.9109842617896478,-1.5898395033653772
30.0,4,1,2,0,2.5,3,0,1,2,0,-0.8659070946117052,-1.0173040493350967
48.0,0,1,1,0,2.5,2,0,2,1,0,0.417114796854477,0.6975360000606935
101.8,4,1,1,0,4.7,0,0,1,2,0,-1.2834431836073588,0.8203879452881069
77.8,1,2,2,0,4.8,3,1,2,1,1,-0.09686357494774618,0.3949379341016589
32.9,2,2,1,0,4.9,0,0,0,0,0,-0.5820274486791467,2.115536408272349
71.8,1,2,2,0,1.0,2,1,2,1,1,0.31614138927998875,0.8562951124691324
75.1,2,1,0,0,9.4,0,0,0,0,0,-1.174848578002358,1.7133200447380337
173.8,4,2,2,0,3.6,2,1,1,2,1,-0.9554633212945496,0.15115038451331497
38.9,1,1,3,0,1.4,2,0,2,1,0,0.07004415403666954,-0.3020770889126382
138.1,1,2,1,0,0.8,3,2,2,1,2,0.5157090776450218,0.6832981414670827
33.1,0,0,1,1,0.6,0,2,2,1,2,1.101897151152874,0.5936054901293211
45.0,0,1,3,2,3.4,3,2,2,1,2,1.6068359372318783,-1.1525792747442054
35.7,3,2,2,0,7.9,2,0,0,0,0,-1.2180276153276026,0.5475372742112129
54.2,4,1,1,2,4.7,0,1,1,2,1,0.10715773162362308,0.2882706731402185
183.3,3,0,1,1,6.6,0,1,1,2,1,-0.600406858723926,-0.12213948825120226
51.2,3,1,2,2,0.5,1,1,1,2,1,0.9595635329860249,-0.434958743884587
47.9,4,1,2,0,0.8,1,1,1,2,1,-0.7969655021303738,-0.0592122279912483
35.8,3,2,2,2,4.9,3,1,1,2,1,0.6458376895056895,-0.5629159266369252
83.8,1,2,0,2,3.0,1,2,2,1,2,1.5516226216363755,1.5700100132913914
63.1,3,1,2,1,6.2,0,0,1,2,0,-0.5514732218218282,0.40349586671976834
60.3,3,1,3,0,3.9,2,0,1,2,0,-0.8851604500026115,-0.7170622199012469
33.0,0,0,2,0,1.4,0,1,2,1,1,0.21411328637706056,0.49946899708258713
44.9,3,1,1,2,3.3,3,1,1,2,1,0.8353544683128731,-0.9995212954620929
54.2,2,2,3,2,8.2,3,1,2,1,1,0.45589145989950436,-0.7271480854001233
93.1,2,1,3,0,6.7,2,0,0,0,0,-0.9231029514629101,-0.5082737322072596
119.9,4,2,2,0,1.5,3,2,1,2,2,-0.6168027204153851,-0.31556704242058575
42.2,3,2,2,0,4.2,3,1,1,2,1,-0.6617224940456325,0.002678169166605324
72.3,4,1,2,2,1.0,0,1,1,2,1,0.5037702272745859,-0.16374954228577865
35.8,2,0,1,1,6.9,3,2,1,2,2,-0.11678876207756868,-1.2528384432760835
23.9,0,0,1,1,6.6,2,2,2,1,2,0.4788362063413198,-0.32560371708080504
62.9,4,1,3,1,1.4,3,2,1,2,2,-0.10303885646331369,-1.7452311503654157
75.2,2,2,0,1,3.6,2,2,2,1,2,0.5319429194557548,1.1670994428455048
30.3,3,1,0,0,7.0,0,0,0,0,0,-1.1907589203198128,1.5209651975806675
120.1,0,0,0,0,0.7,2,1,2,1,1,0.6438232621982911,0.19568110048651532
63.2,0,2,1,0,0.5,2,1,2,1,1,0.781995610168517,1.4629489896218852
29.9,2,2,2,2,3.4,2,1,2,1,1,1.0796258013164077,0.13441506226129285
110.8,0,1,1,0,1.6,2,0,2,1,0,0.5447310019226603,0.6247397643759439
26.9,4,0,3,2,11.9,0,1,0,0,1,-1.1014862175567675,-1.193412274676189
33.1,0,2,3,2,12.9,3,2,0,0,2,0.4806988538920167,-0.23278155241857051
56.7,2,0,2,0,22.5,0,0,0,0,0,-3.1443428027639544,0.2880266127602584
33.2,0,1,1,0,3.4,2,0,2,1,0,0.29814302517387575,0.722304690077485
45.3,4,1,3,0,0.5,0,0,1,2,0,-0.920446637732064,0.04451474496440953
29.8,4,1,1,2,1.3,1,1,1,2,1,0.6191291973391937,-0.22235063379091755
39.0,3,2,2,0,19.9,3,0,0,0,0,-2.6911994052659742,0.17963010474000962
30.1,3,2,0,2,0.5,1,2,1,2,2,1.2290397740784962,1.1748335533003804
27.3,4,1,1,0,1.4,0,0,1,2,0,-0.8704032472897583,0.8584099769732894
141.0,3,2,2,2,0.5,1,1,1,2,1,1.0794205593689765,0.27794520571581116
93.0,2,2,1,0,8.9,3,1,0,0,1,-0.8571633474411232,0.6074457621104707
87.0,3,0,3,2,1.2,2,1,1,2,1,0.764055809647506,-2.1561582037093787
63.2,2,0,2,0,0.5,3,2,1,2,2,-0.06916884913630537,-1.4541722918484539
29.9,3,2,2,0,11.0,2,0,0,0,0,-1.6196831006177501,0.5876479470732361
27.2,0,1,2,1,0.7,0,2,2,1,2,1.1068006757705793,1.0104086946280062
78.1,0,2,2,0,10.4,1,1,0,0,1,-0.6564731625808251,1.662048149936706
90.3,0,2,2,1,2.0,3,2,2,1,2,1.2848090005073003,0.2721912195085707
26.9,4,1,1,2,2.1,2,1,1,2,1,0.592209426818945,-0.7080033606296947
41.9,0,0,1,2,0.5,0,2,2,1,2,1.8159915536351456,0.29382145742598076
74.9,4,0,2,0,2.9,2,1,1,2,1,-1.0901833834235788,-1.363150645551091
38.8,3,1,1,0,2.0,2,0,1,2,0,-0.4739052348121452,0.06934774180850042
42.0,0,0,1,2,18.6,0,1,0,0,1,-0.5230414653749473,0.4940320239525025
54.3,3,1,3,0,9.7,2,0,0,0,0,-1.6357711679234974,-0.6468708419580939
39.0,3,2,1,0,2.3,0,0,1,2,0,-0.5629252220430905,1.8700389741697696
128.8,4,1,1,0,0.5,3,0,1,2,0,-0.5048595632269367,-0.7453321652926895
56.9,4,2,2,0,0.5,1,1,1,2,1,-0.6528911370433755,0.7312180245604889
30.0,0,2,1,0,3.1,0,1,2,1,1,0.2860483270575969,2.5197577424107873
71.7,3,2,2,0,7.7,3,1,0,0,1,-1.1087124543795204,0.011895338604949266
56.9,4,2,2,1,2.5,3,2,1,2,2,-0.05779122197689747,-0.5313362975666186
51.1,3,2,1,1,8.8,3,2,0,0,2,-0.47019224479867666,0.1477707927892402
60.2,0,1,2,0,5.8,0,0,2,1,0,-0.24591255885572919,1.323703166140895
12.0,0,2,2,2,3.0,2,2,2,1,2,1.7640791176115296,0.5691386438396786
63.1,0,2,1,2,0.5,2,1,2,1,1,2.1811509126059607,0.8833044587400796
11.7,0,2,2,1,4.0,2,2,2,1,2,0.9352090954888785,0.8703779954334893
45.3,3,1,2,0,0.8,1,0,1,2,0,-0.4794411251980096,0.1540092957954368
104.7,3,1,1,0,1.7,3,0,1,2,0,-0.3462823783753338,-0.49731804098333665
56.9,4,1,0,2,2.6,1,2,1,2,2,0.5408072890466845,0.15788311807996266
27.1,4,0,1,0,0.8,3,2,1,2,2,-0.6656284902937027,-1.4430092202731826
32.9,3,2,2,0,0.5,0,0,1,2,0,-0.4162067048549417,1.463259728419618
81.0,1,1,1,2,6.3,1,1,2,1,1,0.9361810846227997,0.41361450584766773
81.0,0,2,2,0,11.7,3,1,0,0,1,-0.6699770984966799,0.6787176380171107
66.1,4,1,3,0,1.7,0,0,1,2,0,-1.0717759228900186,0.03698307086718909
90.3,2,0,1,0,11.7,3,0,0,0,0,-1.4268612093425457,-0.9643763755166915
54.1,3,2,2,1,3.8,0,1,1,2,1,-0.13925890824316955,1.1886959897689238
51.1,2,0,1,0,1.5,3,0,1,2,0,-0.11578157645552996,-1.038036109938465
33.1,4,1,1,2,14.0,3,1,0,0,1,-0.8675171614112127,-1.079918882848245
27.2,2,1,3,0,7.2,2,0,0,0,0,-0.9995857074231839,-0.4368024716510859
32.8,3,1,3,0,0.8,3,1,1,2,1,-0.4125160721831321,-1.2212616822516034
104.9,3,2,1,2,4.8,0,1,1,2,1,0.5250428298594171,1.2520237812422195
24.2,1,0,2,0,1.3,1,2,2,1,2,-0.015555241435173289,-0.2008605724333453
44.9,4,1,2,0,3.0,2,0,1,2,0,-1.0048243558948489,-0.5292712580245066
51.2,3,0,0,0,1.1,3,2,1,2,2,-0.29726872002159993,-0.8602206003674633
212.9,4,0,2,0,0.5,1,1,1,2,1,-0.8321661930410998,-1.0303824647687807
36.3,3,1,2,0,0.5,0,0,1,2,0,-0.5192791230770046,0.6571022943139346
96.0,4,1,3,1,1.8,2,2,1,2,2,-0.22575550289595137,-1.276515491983834
30.2,3,1,2,1,1.8,3,2,1,2,2,0.24216873377576936,-1.1045032462227045
114.0,1,2,1,1,6.4,2,2,2,1,2,0.41028524332786404,0.976922134523885
107.9,0,2,1,0,1.7,0,1,2,1,1,0.48099859608419615,2.4263193986684533
54.2,3,1,1,2,0.9,1,1,1,2,1,0.9932078034829307,-0.04057135856209053
36.0,3,1,3,2,2.2,2,1,1,2,1,0.7293264928497385,-1.2913065681838907
26.9,1,0,2,0,5.4,3,1,2,1,1,-0.39093734383948114,-1.1530036907419026
59.9,3,1,2,0,0.8,3,0,1,2,0,-0.32283984032535334,-0.8554148812695259
24.1,0,2,1,0,2.4,3,1,2,1,1,0.6064042237002745,1.0256906106366803
56.8,4,0,1,2,4.4,3,2,1,2,2,0.2736679456608108,-2.0126300653471607
39.1,4,0,2,0,0.5,3,1,1,2,1,-0.7094943092147036,-1.851298525087008
54.3,2,0,0,0,1.8,1,2,1,2,2,-0.22315029001239492,0.3498602706714659
98.8,4,0,2,2,0.5,3,2,1,2,2,0.7004305164847694,-2.4907773732801446
51.2,3,0,2,0,11.5,0,0,0,0,0,-2.0418032034818827,-0.038826000984827816
63.1,0,1,1,0,22.1,3,0,0,0,0,-2.0360748763957464,0.40193038721911767
45.2,0,1,2,0,4.1,2,0,2,1,0,0.12504786767573053,0.3250822705627386
66.2,4,0,2,2,0.9,3,2,1,2,2,0.6428677700448453,-2.4537319110610247
42.0,0,0,1,0,1.6,3,2,2,1,2,0.5056418833387428,-0.6065841357496653
38.8,4,1,3,0,14.7,2,0,0,0,0,-2.602701909498152,-0.7866475522370913
78.0,3,2,3,0,0.6,3,2,1,2,2,-0.27484529744071345,-0.4659455151945434
50.9,3,2,1,0,17.6,0,0,0,0,0,-2.5379910031627313,2.0274554902154973
107.7,3,2,2,0,4.5,0,0,1,2,0,-0.9196531504678713,1.432684344283366
59.9,1,2,2,0,7.8,1,0,0,0,0,-0.6417471803472324,1.4408646608285305
50.8,4,2,3,2,9.4,3,2,1,2,2,-0.3357812945730727,-1.1317059353490895
18.0,0,2,2,1,3.0,2,2,2,1,2,1.0655730159481434,0.8530074947654906
78.0,4,0,2,0,2.7,2,1,1,2,1,-1.063779229385202,-1.3684658016019622
30.0,1,1,2,1,5.0,2,2,2,1,2,0.38759809781287496,-0.15024113573721437
41.9,4,1,0,2,3.4,3,2,1,2,2,0.5886943691352827,-0.813070564250496
23.9,3,2,2,0,2.9,3,0,1,2,0,-0.49702004412436035,0.0066017200637115995
48.2,1,2,1,0,0.5,3,2,2,1,2,0.5382875758526727,0.7699296666179718
30.2,3,2,3,0,0.5,2,1,1,2,1,-0.3475167466900995,0.0781831264653696
57.0,3,1,2,0,0.5,1,0,1,2,0,-0.43856524298664307,0.13898251594914832
51.3,0,0,2,0,13.6,2,0,0,0,0,-1.2052170176511539,-0.3786413026455169
41.7,4,2,2,0,1.5,1,1,1,2,1,-0.7848578795265878,0.7574936326544213
42.0,3,1,2,0,0.7,1,0,1,2,0,-0.46711249613569145,0.156204501030201
72.0,4,1,2,0,6.9,0,0,0,0,0,-1.657910209712907,0.48158984140782585
48.1,2,2,2,0,16.1,3,0,0,0,0,-1.8804964611022381,0.3390907501336299
72.3,4,0,1,0,0.5,3,2,1,2,2,-0.6187195139472529,-1.4915552247002333
26.8,0,0,2,0,5.2,2,1,2,1,1,-0.12410283647805154,-0.44708907938976017
69.2,4,2,1,0,2.8,3,1,1,2,1,-0.7091358144902672,0.14251135638710988
62.7,0,1,1,0,9.6,0,0,0,0,0,-0.6517380857022358,1.7562182484143012
71.8,4,1,2,2,0.7,2,1,1,2,1,0.6964209190505419,-1.1613851195324199
116.7,0,0,1,2,12.0,3,2,2,1,2,0.5742829732695318,-1.1459759848536166
57.1,3,2,3,0,1.2,2,1,1,2,1,-0.4331327991498099,0.05901450912330684
45.2,0,2,3,0,4.4,2,1,2,1,1,0.10516806951523061,0.738195466299553
27.0,3,2,2,2,0.9,1,1,1,2,1,1.0071982946426112,0.3964373807968431
84.0,3,2,3,1,1.4,3,2,1,2,2,0.32243844170785246,-0.7529677442980818
27.1,0,1,2,2,1.9,3,2,2,1,2,1.8822520206545155,-0.7583069776470357
60.1,1,1,2,0,0.5,1,0,2,1,0,0.197978277484688,0.5571208004174342
71.7,2,2,2,0,8.5,0,0,0,0,0,-1.1250612127429445,1.7235925764603215
83.7,0,0,2,2,2.6,1,1,2,1,1,1.5443280427157553,-0.6151323232343918
57.0,3,1,1,0,11.5,1,0,0,0,0,-1.7752922384941938,0.6536806070461296
48.1,2,2,2,0,5.9,2,0,0,0,0,-0.63934317580733,0.7236164193785032
24.1,3,0,2,0,14.3,0,0,0,0,0,-2.4085258545146266,0.019276829677627987
93.0,3,2,3,0,1.1,3,1,1,2,1,-0.3367585812956663,-0.47542068056624076
39.1,0,1,3,1,9.1,3,2,2,1,2,0.16957950656809664,-0.7937223485834618
24.0,0,2,3,2,13.7,3,2,0,0,2,0.3756765425339051,-0.21482282197975705
86.9,4,2,1,0,6.9,2,1,1,2,1,-1.3127744360368554,0.6675833279437535
42.2,2,1,2,0,0.5,2,0,1,2,0,-0.0462520246816561,-0.1329968583690399
78.0,4,0,3,0,7.4,3,1,1,2,1,-1.6789668813468543,-2.206821692798883
42.0,2,1,1,0,2.1,3,0,1,2,0,-0.09127328784452936,-0.2195352736052641
27.1,4,0,2,0,0.9,3,2,1,2,2,-0.7633471529924569,-1.8348648845503868
92.8,4,1,0,1,2.0,3,2,1,2,2,0.07919548854453334,-0.5896211194202969
42.0,1,0,2,1,2.5,3,2,2,1,2,0.6861337885409153,-1.4900786176515837
48.1,1,1,0,2,2.3,3,2,2,1,2,1.6859410654386127,-0.19958760087258193
26.8,3,2,2,0,1.7,0,0,1,2,0,-0.5723804745571871,1.4826434913738158
36.2,0,1,3,0,1.6,0,0,2,1,0,0.2077327176334472,0.9082736679116298
63.0,2,1,3,0,6.2,1,0,0,0,0,-0.9408950304697675,0.013717997867962418
39.2,3,2,2,0,2.4,0,0,1,2,0,-0.6606078662693963,1.4779831951189486
47.7,2,1,2,0,0.9,2,0,1,2,0,-0.0969532521201868,-0.13407326052386184
74.9,0,0,2,2,0.9,1,2,2,1,2,1.7624331055091775,-0.6251409782037006
33.1,1,2,2,1,0.5,1,2,2,1,2,0.9963871717946898,1.097019483675557
74.8,3,2,1,2,0.6,3,1,1,2,1,1.2933431763558614,-0.25656356147106857
47.7,3,0,3,0,0.7,1,1,1,2,1,-0.654566430765639,-1.0452166057791843
51.3,0,1,1,0,9.4,2,0,0,0,0,-0.4739733345324243,0.7705956148596665
23.8,0,2,1,1,4.9,2,1,2,1,1,0.9058775371936076,1.261193601205975
54.2,3,2,2,0,2.3,0,0,1,2,0,-0.6449835469780624,1.461867898567804
33.1,0,0,2,0,7.0,3,0,2,1,0,-0.2785950958428248,-0.930880200515817
32.7,0,2,1,0,6.1,0,0,2,1,0,-0.10115343929578527,2.5502568488642017
27.0,0,2,2,1,0.9,3,2,2,1,2,1.4155614264122853,0.3233539715292034
125.8,2,0,2,2,0.5,0,1,1,2,1,1.1103203398377672,-0.6043291063725914
65.9,0,2,2,0,12.2,0,0,0,0,0,-0.9682690670309957,2.1915834439611337
45.1,4,1,2,1,13.0,0,0,0,0,0,-1.751467003740946,0.28614098464931914
62.9,1,0,1,0,6.1,2,0,2,1,0,-0.4671047951537227,-0.2909072781809244
27.1,3,1,1,0,0.8,0,0,1,2,0,-0.4749090455417281,1.0625899922971294
66.3,1,0,2,2,3.0,3,2,2,1,2,1.3254820194916406,-1.7987314141307547
45.0,4,2,1,1,4.0,3,2,1,2,2,-0.16898260011224608,-0.1098667877807066
210.3,0,0,2,0,2.6,1,1,2,1,1,0.16795442410183523,-0.16206038666501751
24.1,3,0,2,2,3.5,3,2,1,2,2,0.6172822183681024,-2.172213817707477
38.7,2,1,1,0,19.9,1,0,0,0,0,-2.546121755697032,0.9755729770739731
45.1,0,1,1,2,3.1,1,1,2,1,1,1.6612422693393918,0.6247411064844458
72.2,0,0,2,0,0.5,0,1,2,1,1,0.3374793116963495,0.45028630468458364
24.0,4,1,1,0,1.8,3,1,1,2,1,-0.6917313829401123,-0.6260850730288451
29.8,3,2,2,2,0.5,2,1,1,2,1,1.1363802568797112,-0.1081988794488988
59.7,1,2,3,0,0.5,1,2,2,1,2,0.21679524395243505,0.967314160111758
32.9,0,0,2,0,4.2,2,1,2,1,1,0.006225065508764991,-0.46425946528414225
12.0,3,2,2,2,3.5,2,2,1,2,2,0.7454865971003825,-0.05718800869979395
